label,value
A And D Fish Liver Oil oral ,11
A/B Otic ,19
A/T/S topical ,20
Abelcet intravenous ,25
Abilify intramuscular ,27
Abraxane intravenous ,31
Abreva topical ,32
Absorica oral ,33
Abstral sublingual ,34
Acanya topical ,38
acarbose oral ,39
Accupril oral ,42
Accuretic oral ,43
Accutane oral ,44
Accuzyme topical ,45
acebutolol oral ,46
Acetaminophen Extra Strength oral ,54
acetaminophen oral ,58
Acetaminophen Pain Relief oral ,59
acetaminophen-codeine oral ,63
acetaminophen-pamabrom oral ,65
acetaminophen-salicylamide oral ,67
Acetasol otic ,70
acetazolamide oral ,72
acetic acid otic ,73
Acetohist oral ,74
Acid Reducer (ranitidine) oral ,82
Acidophilus oral ,87
acidophilus-B.bifidum-B.longum oral ,89
Aciphex oral ,92
Aclaro topical ,96
Acnomel topical ,111
Actemra intravenous ,116
Acthar H.P. injection ,119
Acthar injection ,120
Acticlate oral ,123
Actifed oral ,127
Actigall oral ,130
Actiq buccal ,133
Activella oral ,137
Actonel oral ,138
Actonel with Calcium oral ,139
Actoplus MET oral ,140
Acuflex oral ,144
Acular LS ophthalmic ,145
Acular ophthalmic ,146
Aczone topical ,153
Adacel (Tdap Adolescent/Adult)(PF) intramuscular ,154
Adalat CC oral ,155
adapalene topical ,158
Adcirca oral ,162
Adderall XR oral ,164
Adenocard intravenous ,168
adenosine intravenous ,170
Adipex-P oral ,171
Adoxa oral ,174
Adriamycin intravenous ,179
Adult Robitussin Peak Cold DM oral ,186
Advair HFA inhalation ,194
Advicor oral ,198
Advil Liqui-Gel oral ,201
Advil Migraine oral ,202
Advil oral ,204
Advil PM oral ,206
Afinitor oral ,212
Afrezza inhalation ,217
Afrin (oxymetazoline) nasal ,218
Afrin Nasal Spray Nasl ,221
Afrin Sinus nasal ,223
agalsidase beta intravenous ,224
Aggrenox oral ,225
Agrylin oral ,227
Akne-Mycin topical ,233
AK-Poly-Bac ophthalmic ,231
Alagesic LQ oral ,244
Ala-Hist D oral ,236
Ala-Hist PE oral ,241
Alavert D-12 Allergy-Sinus oral ,246
albendazole oral ,252
Albenza oral ,253
albuterol inhalation ,256
albuterol sulfate inhalation ,257
albuterol sulfate oral ,258
Alcaine ophthalmic ,259
Aldactone oral ,264
Aldara topical ,265
Aldomet oral ,270
alendronate oral ,273
Alertness Aid oral ,277
Alesse (28) oral ,279
Aleve oral ,282
Aleve-D Sinus & Cold oral ,284
alfuzosin oral ,288
Alimta intravenous ,290
aliskiren-valsartan oral ,293
Alka-Seltzer Gold oral ,296
Alka-Seltzer Plus Sinus-Allergy-Cgh oral ,302
Allegra oral ,314
Allegra-D 12 Hour oral ,315
Allegra-D 24 Hour oral ,316
Aller Ex oral ,317
AllerDur oral ,321
Allergy DN PE oral ,327
Allersone topical ,335
AlleRx 30 oral ,338
AlleRx Dose Pack oral ,341
AlleRx PE oral ,343
AlleRx-D oral ,344
Alli oral ,346
almotriptan malate oral ,348
Alocril ophthalmic ,349
Alomide ophthalmic ,351
Alophen oral ,352
Aloxi intravenous ,355
alpha lipoic acid oral ,356
Alphagan ophthalmic ,358
Alphagan P ophthalmic ,359
Alrex ophthalmic ,365
Alsuma subcutaneous ,366
Altabax topical ,367
Altace oral ,368
Altavera (28) oral ,371
Aluminum Chloride Hexahydrate topical ,376
Aluminum Hydroxide/Mag Trisil oral ,378
Alvesco inhalation ,382
Alyacen 1/35 (28) oral ,383
amantadine HCl oral ,384
Amaryl oral ,385
Ambien CR oral ,393
ambrisentan oral ,397
amcinonide topical ,398
Amerge oral ,401
Amethia Lo oral ,402
Amethia oral ,403
Amethyst oral ,404
Amevive intramuscular ,405
aminolevulinic acid HCl topical ,419
aminophylline in 0.9 % sodium chloride intravenous ,420
amiodarone oral ,426
Amitiza oral ,429
amitriptyline intramuscular ,430
AmLactin topical ,435
amlodipine-benazepril oral ,438
amlodipine-olmesartan oral ,439
amlodipine-valsartan oral ,440
ammonium lactate topical ,442
Amnesteem oral ,445
amoxicillin-potassium clavulanate oral ,448
Amphetamine Salt Combo oral ,450
ampicillin oral ,458
Ampyra oral ,460
Amrix oral ,461
Anafranil oral ,468
anagrelide oral ,469
anakinra subcutaneous ,470
Analgesic Ear Drops otic ,472
Analpram E rectal ,475
Analpram-HC rectal ,476
Analpram-HC Singles rectal ,477
Anaspaz oral ,483
anastrozole oral ,485
Ancef in dextrose (iso-osmotic) intravenous ,489
Androderm transdermal ,495
AndroGel transdermal ,496
Anefrin nasal ,500
Anexsia oral ,503
Angeliq oral ,505
Anoro Ellipta inhalation ,507
Ansaid oral ,508
Antabuse oral ,509
Antara oral ,516
antipyrine-benzocaine otic ,533
Antispasmodic oral ,535
Antivert oral ,538
Antivert/25 oral ,539
Anucort-HC rectal ,540
Anusol HC-1 rectal ,541
ApexiCon E topical ,547
Aphthasol mucous membrane ,551
Aplenzin oral ,555
Aplisol intradermal ,556
Apresoline oral ,560
Apri oral ,561
Apriso oral ,562
Aranesp (in albumin) injection ,575
Arava oral ,578
Arbinoxa oral ,579
Arcalyst subcutaneous ,580
Aricept ODT oral ,586
Arimidex 30-day Pack oral ,588
Arimidex oral ,589
aripiprazole oral ,591
Arixtra subcutaneous ,596
armodafinil oral ,597
Armour Thyroid oral ,598
Aromasin oral ,599
Artane oral ,601
Arthritis Formula Capsaicin topical ,604
Arthrotec 50 oral ,609
Arthrotec 75 oral ,610
Artificial Tears (polyvinyl alcohol) ,612
Artra Oily Skin topical ,613
Asacol HD oral ,616
Asacol oral ,617
Ascomp with Codeine oral ,619
asenapine sublingual ,624
Asmanex Twisthaler inhalation ,627
Aspercreme topical ,629
aspirin oral ,643
aspirin-acetaminophen-caffeine oral ,646
Astelin nasal ,651
Astepro nasal ,652
Asthmanefrin inhalation ,654
Asthmanefrin Refill inhalation ,655
ATABEX PRENATAL oral ,658
Atacand oral ,660
Atarax oral ,662
Atelvia oral ,663
atenolol-chlorthalidone oral ,666
Athenol oral ,667
Ativan injection ,670
atomoxetine oral ,672
Atopiclair topical ,673
atorvastatin oral ,674
Atralin topical ,679
Atrohist oral ,681
atropine injection ,683
Atrovent HFA inhalation ,687
Atrovent inhalation ,688
Atrovent nasal ,689
Atuss DS oral ,691
Aubagio oral ,696
Augmentin XR oral ,701
Auralgan otic ,702
Aurodex otic ,705
Avalide oral ,708
Avandamet oral ,709
Avandaryl oral ,710
Avandia oral ,711
Avapro oral ,712
Avar topical ,713
Avar-E Green topical ,714
Avar-E topical ,716
Avastin intravenous ,717
Avelox ABC Pack oral ,720
Aventyl oral ,723
Aviane oral ,724
Avinza oral ,725
Avodart oral ,727
Avonex Administration Pack intramuscular ,728
Avonex intramuscular ,729
Axert oral ,730
Axid oral ,732
Axiron transdermal ,733
Aygestin oral ,736
Azasan oral ,741
Azasite ophthalmic ,742
azathioprine oral ,745
azelastine nasal ,747
azelastine ophthalmic ,748
Azelex topical ,750
Azilect oral ,751
azithromycin intravenous ,754
Azmacort inhalation ,756
Azo oral ,757
AZO Standard Maximum Strength oral ,758
AZO Standard oral ,759
Azopt ophthalmic ,764
Azor oral ,765
Azo-Septic oral ,762
Azulfidine EN-tabs oral ,767
Azulfidine oral ,768
Azurette (28) oral ,769
B-12 DOTS oral ,773
Baby Gas Drops oral ,780
bacitracin ophthalmic ,784
bacitracin zinc topical ,786
baclofen intrathecal ,791
Bactrim DS oral ,795
Bactrim oral ,796
Bactroban topical ,798
Balacet 325 oral ,800
Balziva (28) oral ,804
Banzel oral ,806
Baraclude oral ,807
Bayer PM oral ,816
BC Arthritis oral ,820
BC Headache Powder oral ,823
BCG live intravesical ,825
Beano oral ,826
Beconase AQ nasal ,827
Beconase nasal ,828
belladonna alkaloids-opium rectal ,833
Belladonna oral ,834
Belladonna-Phenobarbital oral ,837
Bellamine oral ,838
Bellamine-S oral ,839
Belsomra oral ,843
Belviq oral ,844
Benadryl Allergy oral ,847
Benadryl Allergy Quick Dissolve oral ,848
Benadryl Allergy Sinus Child's oral ,849
Benadryl Allergy/Sinus/Headach oral ,852
Benadryl-D Allergy-Sinus oral ,858
benazepril oral ,859
benazepril-hydrochlorothiazide oral ,860
bendamustine intravenous ,861
Benefiber Plus Calcium (guar gum) oral ,865
Benefiber Sugar Free (dextrin) oral ,866
Benicar HCT oral ,868
Benlysta intravenous ,870
Bentyl intramuscular ,872
Bentyl oral ,873
Benzaclin Pump topical ,878
Benzaclin topical ,879
BenzEFoam Ultra topical ,885
benzoyl peroxide topical ,895
benzoyl peroxide-vitamin E mixed topical ,896
benzphetamine oral ,897
benztropine oral ,898
bepotastine besilate ophthalmic ,899
Bepreve ophthalmic ,900
Berinert intravenous ,902
Besivance ophthalmic ,903
betamethasone dipropionate topical ,908
betamethasone valerate topical ,911
Betapace AF oral ,913
Betapace oral ,914
Betapen VK oral ,915
Betaseron subcutaneous ,916
Betoptic ophthalmic ,924
Bexxar Dosimetric intravenous ,929
Beyaz oral ,930
Biaxin oral ,931
Biaxin XL oral ,932
Bicillin L-A intramuscular ,936
Biclora-D oral ,939
BiDil oral ,942
Bifera oral ,943
Bio-35 oral ,946
Bio-D-Mulsion Forte oral ,947
Biofreeze Pain Relieving topical ,949
Biofreeze topical ,950
Bionect topical ,954
biotin oral ,957
bisacodyl oral ,959
bisoprolol fumarate oral ,962
bisoprolol-hydrochlorothiazide oral ,963
black cohosh oral ,964
bleomycin injection ,966
Bleph-10 ophthalmic ,967
Bonine oral ,974
Boniva intravenous ,975
Boniva oral ,976
Bontril PDM oral ,977
Bontril Slow-Release oral ,978
Bontril SR oral ,979
Botox Cosmetic injection ,983
Botox Cosmetic intramuscular ,984
Botox IM ,985
Botox injection ,986
BPM Pseudo oral ,991
Breo Ellipta inhalation ,994
Brevoxyl-8 Acne Wash Kit topical ,999
Brevoxyl-8 topical ,1001
Brexin LA oral ,1002
BRILINTA oral ,1004
brimonidine ophthalmic ,1005
Brintellix oral ,1006
brinzolamide ophthalmic ,1007
Brisdelle oral ,1008
Bromdex D oral ,1015
Bromfed DM oral ,1017
bromocriptine oral ,1021
bromphen-pseudoephed-DM-GG oral ,1023
Bromplex DM oral ,1028
Bronkaid Dual Action oral ,1035
Brovana inhalation ,1036
Brovex oral ,1037
Brovex SR oral ,1041
Budeprion SR oral ,1046
Budeprion XL oral ,1047
budesonide inhalation ,1048
budesonide nasal ,1049
budesonide oral ,1050
budesonide-formoterol inhalation ,1051
Buffered Aspirin oral ,1052
bumetanide oral ,1056
Bumex oral ,1057
Bupap oral ,1059
Buprenex injection ,1064
buprenorphine HCl injection ,1065
buprenorphine sublingual ,1066
buprenorphine transdermal ,1067
buprenorphine-naloxone sublingual ,1068
Buproban oral ,1069
bupropion HBr oral ,1070
Butalbital Compound oral ,1076
Butalbital Compound-Codeine oral ,1078
butalbital-acetaminophen oral ,1080
butalbital-acetaminophen-caffeine oral ,1081
butalbital-acetaminophen-caffeine-codeine oral ,1082
butalbital-aspirin-caffeine oral ,1083
Butisol oral ,1087
butorphanol tartrate nasal ,1090
Butrans transdermal ,1091
Bydureon subcutaneous ,1092
Byetta subcutaneous ,1093
cabergoline oral ,1101
Caduet oral ,1102
Cafergot oral ,1103
Cafergot PB oral ,1104
Cafergot rectal ,1105
caffeine citrated oral ,1106
Caladryl topical ,1112
Calan oral ,1114
Calan SR oral ,1115
Calcet Petites oral ,1116
Calcidol oral ,1118
Calcitrate-Vitamin D oral ,1126
calcitriol oral ,1129
calcium chloride intravenous ,1141
calcium citrate-magnesium citrate-vit D3 oral ,1146
calcium glycerophosphate oral ,1150
calcium oral ,1151
calcium polycarbophil oral ,1154
calcium-magnesium-zinc oral ,1156
Calmoseptine topical ,1161
Caltrate 600+D Plus Minerals oral ,1164
Caltrate-600 Plus Vitamin D3 Oral ,1167
Cambia oral ,1169
Campho-Phenique topical ,1171
Campral Dose Pak oral ,1172
Campral oral ,1173
Camrese Lo oral ,1175
Camrese oral ,1176
Canasa rectal ,1180
Cancidas intravenous ,1181
Cantharone Plus topical ,1184
Caphosol mucous membrane ,1188
Capmist DM oral ,1189
Capsaicin HP topical ,1193
capsaicin topical ,1194
Capzasin topical ,1201
Capzasin-HP topical ,1202
Carac topical ,1204
Carafate oral ,1205
carbamazepine oral ,1207
carbamide peroxide otic ,1208
Carbatrol oral ,1210
carbidopa-levodopa oral ,1217
carbinoxamine oral ,1220
Carbofed DM oral ,1224
carboplatin intravenous ,1226
carboxymethylcellulose sodium ophthalmic ,1228
Cardizem CD oral ,1235
Cardizem intravenous ,1236
Cardizem LA oral ,1237
Cardizem oral ,1238
Cardura oral ,1240
carisoprodol-ASA-codeine oral ,1248
carisoprodol-aspirin oral ,1249
Carnitine oral ,1252
Carnitor intravenous ,1253
Carnitor oral ,1254
Cartia XT oral ,1256
carvedilol phosphate oral ,1258
cascara sagrada oral ,1260
cascara sagrada-mag hydroxide oral ,1261
Casodex oral ,1262
castor oil oral ,1264
Cataflam oral ,1265
Catapres oral ,1266
Catapres-TTS-1 transdermal ,1267
Catapres-TTS-3 transdermal ,1269
C-Phen DM oral ,1097
C-Phen oral ,1098
Cedax oral ,1278
cefaclor oral ,1280
cefadroxil oral ,1281
cefdinir oral ,1284
cefprozil oral ,1293
Ceftin oral ,1298
ceftriaxone injection ,1300
ceftriaxone intravenous ,1301
cefuroxime axetil oral ,1302
Cefzil oral ,1304
Celestone injection ,1308
Celestone Soluspan injection ,1310
CellCept oral ,1312
Cenestin oral ,1314
Centany topical ,1317
Centrum Silver oral ,1321
Centrum Ultra Women's oral ,1324
Cepacol Sorethroat-Cough oral ,1326
Cephadyn oral ,1327
Cerefolin oral ,1331
Cerezyme intravenous ,1332
CERON-DM oral ,1336
Certuss oral ,1342
Cervidil vaginal ,1345
cetirizine oral ,1347
cevimeline oral ,1349
Charcoal Antidote oral ,1355
Charcoal oral ,1356
Chateal oral ,1358
Cheracol Cough oral ,1360
Cheratussin AC oral ,1362
Cheratussin DAC oral ,1363
Cheratussin oral ,1365
Chiggerex topical ,1369
Children's Ibuprofen oral ,1376
Children's Triaminic-D MS Cold oral ,1380
chloral hydrate oral ,1392
chlorambucil oral ,1393
Chloraseptic Throat Spray mucous membrane ,1397
chlordiazepoxide oral ,1400
chlordiazepoxide-clidinium oral ,1401
chlorhexidine gluconate mouth and throat ,1405
Chlor-Maleate oral ,1386
chloroquine oral ,1409
Chlorpheniramine Allergy oral ,1413
chlorpheniramine oral ,1416
chlorpheniramine-DM-acetaminophen oral ,1417
chlorpheniramine-hydrocodone oral ,1418
chlorpromazine injection ,1419
chlorpromazine oral ,1420
chlorpropamide oral ,1421
chlorthalidone oral ,1423
Chlor-Trimeton oral ,1389
chlorzoxazone oral ,1425
cholecalciferol (vitamin D3) oral ,1426
cholestyramine (with sugar) oral ,1428
Cholestyramine Light oral ,1429
Cholestyramine Susp Light oral ,1430
cholestyramine-aspartame oral ,1431
Chromagen FORTE oral ,1436
Chromagen oral ,1437
ciclopirox olamine topical ,1440
cilostazol oral ,1442
Cimzia subcutaneous ,1447
Cinnamon oral ,1450
Cinryze intravenous ,1454
Ciprodex otic ,1460
ciprofloxacin (mixture) oral ,1461
Ciprofloxacin ER Oral ,1462
ciprofloxacin ophthalmic ,1464
cisapride oral ,1466
cisplatin intravenous ,1467
citalopram oral ,1468
Citracal + D oral ,1470
Citracal oral ,1472
CitraNatal 90 DHA (New Formula) oral ,1478
CitraNatal Assure oral ,1479
CitraNatal B-Calm oral ,1480
Citrate of Magnesia oral ,1483
Citrucel Fiber Shake oral ,1485
Citrucel oral ,1486
Claravis oral ,1489
Clarifoam EF topical ,1490
Clarinex oral ,1491
Clarinex-D 12 HOUR oral ,1492
Clarinex-D 24 HOUR oral ,1493
Clarithromycin ER Oral ,1496
clarithromycin oral ,1497
Claritin oral ,1498
Claritin RediTabs oral ,1499
Claritin-D 12 Hour oral ,1500
Claritin-D 24 Hour oral ,1501
Clear Eyes Redness Relief ,1503
Clenia Foaming Wash topical ,1507
Cleocin oral ,1509
Cleocin T topical ,1510
Climara Pro transdermal ,1514
Climara transdermal ,1515
Clindacin Pac topical ,1518
Clindagel topical ,1519
clindamycin phosphate topical ,1527
Clindamycin topical ,1529
clindamycin vaginal ,1530
clindamycin-benzoyl peroxide topical ,1531
Clindesse vaginal ,1533
Clinpro 5000 dental ,1536
clobetasol topical ,1539
Clobex topical ,1541
clocortolone pivalate topical ,1542
Clofera oral ,1546
Clomid oral ,1547
clomiphene citrate oral ,1548
clomipramine oral ,1549
clonidine transdermal ,1554
clopidogrel oral ,1556
clorazepate dipotassium oral ,1557
clotrimazole mucous membrane ,1563
clotrimazole topical ,1564
clozapine oral ,1569
Clozaril oral ,1570
Co Q-10 oral ,1574
coal tar-soap topical ,1579
Codeine Antitussive Cough oral ,1584
codeine oral ,1585
codeine sulfate oral ,1586
codeine-butalbital-ASA-caffeine oral ,1588
CodiCLEAR DH oral ,1591
Cogentin oral ,1597
Colace oral ,1598
colchicine oral ,1602
colchicine-probenecid oral ,1603
Colcrys oral ,1604
Colestid oral ,1614
colestipol oral ,1615
colistin (colistimethate sodium) injection ,1618
Colyte with Flavor Packs oral ,1623
Combigan ophthalmic ,1624
CombiPatch transdermal ,1625
Combivent inhalation ,1626
Combivent Respimat inhalation ,1627
Commit buccal ,1630
Compazine injection ,1631
Compazine oral ,1632
Compazine rectal ,1633
Comtan oral ,1639
Comtrex Nighttime Cold & Cough oral ,1642
Concept DHA oral ,1644
Condylox topical ,1647
conjugated estrogens oral ,1649
Contrave oral ,1654
ConZip oral ,1656
Copaxone subcutaneous ,1657
COPD oral ,1658
Co-Pyronil 2 oral ,1575
Cordarone oral ,1664
Coreg CR oral ,1668
Corfen-DM oral ,1670
Corgard oral ,1671
Coricidin HBP Cough & Cold oral ,1674
Coricidin HBP oral ,1675
Correctol oral ,1679
Cortef oral ,1684
Corticool topical ,1685
cortisone intramuscular ,1689
cortisone oral ,1690
Cortisporin ophthalmic ,1691
Cortisporin otic ,1692
Cortomycin ophthalmic ,1695
Corvite 150 oral ,1699
CoryZa-D oral ,1703
Corzall Plus oral ,1705
Cosopt ophthalmic ,1709
Cough Syrup DM oral ,1716
Coumadin intravenous ,1717
CP DEC oral ,1723
CPM 12 oral ,1725
cpm-pyrilamine-phenyleph-acetaminophen oral ,1728
Creon 10 oral ,1735
Creon 20 oral ,1736
Creon 5 oral ,1737
Creon oral ,1738
Crinone vaginal ,1740
crotamiton topical ,1747
Cryselle (28) oral ,1748
Cuprimine oral ,1750
cyanocobalamin (vit B-12) injection ,1753
Cyclafem 7/7/7 (28) oral ,1758
Cyclessa (28) oral ,1759
cyclopentolate ophthalmic ,1765
cyclophosphamide intravenous ,1766
cyclophosphamide oral ,1767
Cycloset oral ,1768
cyclosporine oral ,1771
Cylert oral ,1774
cyproheptadine oral ,1777
Cystex (methenamine & benzoic acid) oral ,1778
Cytomel oral ,1782
Cytotec oral ,1783
Cytoxan intravenous ,1784
Cytoxan oral ,1785
Cytra-2 oral ,1787
Cytra-3 oral ,1788
D.H.E. 45 injection ,1796
D.H.E.45 injection ,1797
Daliresp oral ,1806
Dalmane oral ,1811
danazol oral ,1814
Danocrine oral ,1817
dantrolene oral ,1820
dapsone oral ,1821
Darvocet A500 oral ,1829
Darvocet-N 100 oral ,1830
Darvocet-N 50 oral ,1831
Darvon oral ,1834
dasatinib oral ,1836
Daypro oral ,1839
Daytrana transdermal ,1845
DDAVP nasal ,1848
DDAVP oral ,1849
D-Hist D oral ,1790
D-Vi-Sol oral ,1795
Debacterol mucous membrane ,1852
Debrox otic ,1853
Decadron Dose Pack oral ,1856
Decadron injection ,1857
Decadron oral ,1859
Decavac (PF) intramuscular ,1862
Deconamine oral ,1866
Deconamine SR oral ,1867
Decongestine TR oral ,1871
degarelix subcutaneous ,1877
Delsym 12 hour oral ,1883
Delsym oral ,1888
Deltasone oral ,1889
Delzicol oral ,1891
Demadex oral ,1892
Demerol (PF) injection ,1894
Demerol injection ,1895
Demerol oral ,1896
Denavir topical ,1899
Dendracin topical ,1900
Denorex topical ,1901
DentaGel dental ,1904
Depakote ER oral ,1907
Depakote Sprinkles oral ,1909
Deplin oral ,1911
DepoCyt (PF) intrathecal ,1921
Depo-Estradiol intramuscular ,1913
Depo-Medrol injection ,1914
Depo-Provera Contraceptive intramuscular ,1916
Depo-Provera intramuscular ,1917
Depo-subQ provera 104 subcutaneous ,1918
Depo-Testadiol intramuscular ,1919
Depo-Testosterone intramuscular ,1920
Dermasil topical ,1930
Derma-Smoothe/FS Body Oil topical ,1925
Derma-Smoothe/FS Eczema topical ,1926
Derma-Smoothe/FS Scalp Oil topical ,1927
Dermatop topical ,1932
DermOtic Oil otic ,1935
Desenex topical ,1936
Desferal injection ,1937
desipramine oral ,1941
desloratadine oral ,1943
desmopressin oral ,1946
Desogen oral ,1947
Desonate topical ,1950
desonide topical ,1951
desoximetasone topical ,1956
Desoxyn oral ,1958
desvenlafaxine succinate oral ,1963
Desyrel oral ,1964
Detrol LA oral ,1965
Detrol oral ,1966
Dewee's Carminative oral ,1968
dexamethasone oral ,1975
dexamethasone sodium phosphate injection ,1978
dexamethasone-lidocaine injection ,1980
Dexedrine oral ,1987
Dexedrine Spansule oral ,1988
dexlansoprazole oral ,1990
DexPak 13 Day oral ,1994
DexPak 6 Day oral ,1995
dextroamphetamine oral ,1996
dextroamphetamine-amphetamine oral ,1997
Dextromethorphan Cough oral ,1998
dextromethorphan HBr oral ,1999
dextromethorphan-guaifenesin oral ,2003
DextroStat oral ,2004
DHEA oral ,2006
Diamox oral ,2014
Diamox Sequels oral ,2015
Diastat AcuDial rectal ,2017
diazoxide oral ,2024
Dicel DM oral ,2029
Diclegis oral ,2031
diclofenac potassium oral ,2035
diclofenac sodium topical ,2036
diclofenac-misoprostol oral ,2038
diethylpropion oral ,2046
Differin topical ,2047
Dificid oral ,2048
Diflucan oral ,2052
diflunisal oral ,2053
Digitek oral ,2058
Dihydrocodeine Comp oral ,2065
dihydroergotamine injection ,2068
Dilacor XR oral ,2071
Dilantin Extended oral ,2072
Dilantin intravenous ,2074
Dilantin Kapseal oral ,2075
Dilantin oral ,2076
Dilantin-125 oral ,2077
Dilaudid injection ,2080
Dilaudid rectal ,2082
Dilaudid-5 oral ,2083
Dilaudid-HP (PF) injection ,2084
DILEX-G 400 oral ,2085
Dilotab oral ,2086
diltiazem malate oral ,2091
diltiazem oral ,2092
DILT-XR oral ,2088
dimenhydrinate oral ,2095
Dimetapp Cold-Allergy (PE) oral ,2099
Dimetapp DM Cold-Cough (PE) oral ,2100
Diocto oral ,2104
Diovan HCT oral ,2105
Diphenhist oral ,2111
diphenhydramine citrate oral ,2112
diphenhydramine oral ,2113
diphenhydramine-phenylephrine oral ,2115
diphenoxylate-atropine oral ,2118
"diphtheria-pertussis-tetanus intramuscular" ,2119
Diprolene topical ,2122
Diprosone topical ,2123
dipyridamole oral ,2125
Disalcid oral ,2126
disulfiram oral ,2130
Ditropan oral ,2131
Ditropan XL oral ,2132
divalproex oral ,2134
Divigel transdermal ,2135
DM Cough Formula oral ,2136
DMax oral ,2137
Doak Oil topical ,2138
Doan's Extra Strength oral ,2139
Doans Pills oral ,2140
docosanol topical ,2147
Docosavit oral ,2148
docusate sodium oral ,2152
Dolgic LQ oral ,2159
Dolgic Plus oral ,2161
Dolobid oral ,2162
Dolophine injection ,2166
Dolophine oral ,2167
donepezil oral ,2173
Donnatal Extentabs oral ,2175
Donnatal oral ,2176
Doryx oral ,2181
dorzolamide ophthalmic ,2182
dorzolamide-timolol ophthalmic ,2184
Dostinex oral ,2185
Dovonex topical ,2186
doxazosin oral ,2187
doxepin oral ,2188
Doxil intravenous ,2189
doxorubicin intravenous ,2191
Doxy oral ,2192
doxycycline hyclate oral ,2195
doxycycline monohydrate oral ,2197
doxycycline-skin cleanser no.9 oral ,2199
doxylamine succinate oral ,2200
Dr Scholl's Clear Away topical ,2202
Dramamine oral ,2206
Drawing Salve topical ,2207
Drisdol oral ,2209
Drithocreme HP topical ,2211
Drixoral Cold-Allergy oral ,2213
dronedarone oral ,2216
Droxia oral ,2218
Drysol Dab-O-Matic topical ,2221
Duac topical ,2224
Duavee oral ,2226
Duet DHA oral ,2230
Duexis oral ,2233
Dulcolax (bisacodyl) oral ,2234
Dulera inhalation ,2235
duloxetine oral ,2236
Duphalac oral ,2239
Durabac Forte oral ,2240
DuraDEX Forte oral ,2243
Duradrin oral ,2245
Duradryl oral ,2246
DURAFLU oral ,2248
Duragesic transdermal ,2249
Durahist D oral ,2250
DURAHIST oral ,2251
Duramorph (PF) injection ,2254
Duratuss CS oral ,2263
Durezol ophthalmic ,2271
dutasteride oral ,2273
Dyazide oral ,2277
Dyclomine intramuscular ,2278
Dymista nasal ,2281
Dynacin oral ,2282
DynaCirc CR oral ,2283
DynaCirc oral ,2284
Dynapen oral ,2285
Dysport intramuscular ,2289
5-HTP oral ,5
666 Cough & Cold oral ,6
ED Chlorped Jr oral ,2302
Edarbi oral ,2306
Edarbyclor oral ,2307
Ed-Flex oral ,2305
Edluar sublingual ,2311
EEMT oral ,2313
efavirenz oral ,2315
Effexor oral ,2317
Effient oral ,2319
Efudex topical ,2322
Enjuvia oral ,2326
enoxaparin subcutaneous ,2328
Enpresse oral ,2329
Entex LA oral ,2334
Entex PSE oral ,2336
Entocort EC oral ,2337
Entre-S oral ,2338
Enulose oral ,2340
EstroGel transdermal ,2342
Estrostep Fe-28 oral ,2346
eszopiclone oral ,2347
etanercept subcutaneous ,2348
ethambutol oral ,2350
ETH-Oxydose oral ,2349
etodolac oral ,2358
Extina topical ,2367
Eye Drops ,2369
ezetimibe oral ,2371
ezetimibe-simvastatin oral ,2373
EZFE 200 oral ,2374
Factive oral ,2380
famciclovir oral ,2382
famotidine oral ,2385
Famvir oral ,2386
Fanapt oral ,2387
Fareston oral ,2391
Farxiga oral ,2392
Faslodex intramuscular ,2393
Fastin oral ,2395
Ferrlecit intravenous ,2401
ferrous sulfate oral ,2411
Fetzima oral ,2417
Fexmid oral ,2419
fexofenadine oral ,2420
fluticasone nasal ,2432
fluticasone-salmeterol inhalation ,2434
fluvoxamine oral ,2440
Fluzone 2009-2010 (PF) intramuscular ,2443
Fluzone High-Dose 2011-12 (PF) intramuscular ,2446
Fluzone High-Dose 2012-13 (PF) intramuscular ,2447
Fluzone High-Dose 2013-2014 (PF) intramuscular ,2448
FML S.O.P. ophthalmic ,2450
Fortamet oral ,2451
Forteo subcutaneous ,2453
Fortesta transdermal ,2454
Fosamax oral ,2456
fosinopril oral ,2461
FreshKote ophthalmic ,2468
Frova oral ,2469
frovatriptan oral ,2470
Fungoid Tincture topical ,2475
Furadantin oral ,2476
Fycompa oral ,2483
Gardasil (PF) intramuscular ,2490
Gastrocrom oral ,2497
Gas-X Extra Strength oral ,2493
Gas-X oral ,2495
Gaviscon Extra Strength oral ,2501
Gaviscon oral ,2502
Gesticare DHA oral ,2506
GLUTOFAC-ZX oral ,2512
glyburide oral ,2514
glyburide-metformin oral ,2515
GlycoLax oral ,2517
glycopyrrolate oral ,2519
Glynase oral ,2520
Goody's Headache Powder oral ,2522
Gralise oral ,2526
Granulex topical ,2528
Green Tea oral ,2529
Grifulvin V oral ,2530
Griseofulvin oral ,2534
griseofulvin ultramicrosize oral ,2535
guanfacine oral ,2536
Halog topical ,2547
haloperidol lactate oral ,2553
haloperidol oral ,2554
Harvoni oral ,2557
HCG intramuscular ,2560
hep B-DP(a)T-polio vaccine (PF) intramuscular ,2561
heparin (porcine) injection ,2564
Hepsera oral ,2572
Herceptin intravenous ,2573
hetastarch 6 % in 0.9 % sodium chloride intravenous ,2575
Hiprex oral ,2581
Hismanal oral ,2582
Histalet oral ,2586
Histinex HC oral ,2591
Hizentra subcutaneous ,2596
Hyomax oral ,2604
HyoMax-FT oral ,2606
HyoMax-SL sublingual ,2607
HyoMax-SR oral ,2608
hyoscyamine oral ,2610
hyoscyamine sulfate oral ,2611
Hypercare topical ,2615
Hytrin oral ,2620
Hyzaar oral ,2621
Ibuprofen IB oral ,2626
Ibuprofen PM oral ,2630
Icaps MV oral ,2634
iFerex 150 oral ,2640
Intal 200 inhalation ,2646
Intal inhalation ,2647
Integra Plus oral ,2650
interferon alfa-2a injection ,2652
interferon alfa-2b injection ,2654
interferon beta-1a intramuscular ,2657
interferon beta-1a subcutaneous ,2658
interferon beta-1b subcutaneous ,2659
Intron A injection ,2662
Intuniv ER oral ,2666
Invanz intravenous ,2668
Invega oral ,2669
Invega Sustenna intramuscular ,2670
Invokana oral ,2672
isometheptene mucate oral ,2673
isometheptene-dichloralphenazone-acetaminophen oral ,2674
isoniazid oral ,2675
Isoptin oral ,2678
Isoptin SR oral ,2679
isosorbide dinitrate oral ,2685
isosorbide mononitrate oral ,2687
isotretinoin oral ,2689
Isovue-370 intravenous ,2691
Istalol ophthalmic ,2694
Itch-X HC topical ,2696
ITCH-X topical ,2697
Jakafi oral ,2704
Jalyn oral ,2705
Janumet oral ,2707
Janumet XR oral ,2708
Januvia oral ,2709
Jinteli oral ,2713
Jublia topical ,2718
Junel 1.5/30 (21) oral ,2719
Junel 1/20 (21) oral ,2720
Junel FE 1.5/30 (28) oral ,2721
Junel FE 1/20 (28) oral ,2722
Kaopectate (docusate calcium) oral ,2730
Kapidex oral ,2733
Kapvay oral ,2734
Kariva (28) oral ,2735
Kava Kava oral ,2736
K-Dur oral ,2724
Keppra intravenous ,2741
Keppra XR oral ,2743
Kerlone oral ,2745
ketamine injection ,2748
ketoconazole oral ,2750
ketoconazole topical ,2751
ketoprofen oral ,2752
ketorolac intravenous ,2756
ketorolac oral ,2758
KIE oral ,2761
Kineret subcutaneous ,2762
Klaron topical ,2766
Klor-Con 10 oral ,2768
Klor-Con 8 Oral ,2769
Klor-Con M10 oral ,2770
Klor-Con M20 oral ,2771
Klor-Con oral ,2772
Kombiglyze XR oral ,2776
krill oil-om-3-dha-epa-phospholipids oral ,2783
Kristalose oral ,2785
Krystexxa intravenous ,2788
Laxative with Stool Softener oral ,2811
L-Hyoscyamine Sulfate oral ,2797
L-Methyl-MC oral ,2799
L-Thyroxine oral ,2801
L-Thyroxine Sodium oral ,2802
Levacet oral ,2814
Levaquin intravenous ,2821
Levaquin Leva-Pak oral ,2822
Levatol oral ,2824
Levbid oral ,2825
Levemir Flexpen subcutaneous ,2826
Levemir subcutaneous ,2828
levetiracetam intravenous ,2829
levetiracetam oral ,2830
Levlen (21) oral ,2832
Levlen (28) oral ,2833
levmetamfetamine nasal ,2834
levocarnitine oral ,2836
levocetirizine oral ,2837
levodopa oral ,2838
levofloxacin intravenous ,2840
levofloxacin oral ,2841
Levora 0.15/30 (28) oral ,2849
Levora-28 oral ,2850
levorphanol tartrate oral ,2851
Levothroid oral ,2852
levothyroxine intravenous ,2853
Levoxyl oral ,2856
Levsin oral ,2857
Levsin/SL sublingual ,2858
Levsinex oral ,2859
Levulan topical ,2860
Lexiscan intravenous ,2862
lisinopril oral ,2871
lisinopril-hydrochlorothiazide oral ,2872
lithium carbonate oral ,2876
lithium citrate oral ,2877
Lithobid oral ,2878
Livalo oral ,2882
lorazepam injection ,2893
Lorcet (propoxyphene) oral ,2896
Lorcet 10/650 oral ,2897
Lorcet Plus oral ,2899
Lortab 10 Oral ,2900
Lortab 5 Oral ,2903
Lortab 7.5 Oral ,2905
Lortab Elixir oral ,2907
Loryna (28) oral ,2909
LoSeasonique oral ,2913
Lotemax ophthalmic ,2914
Lotensin HCT oral ,2915
Lotensin oral ,2916
Lotrel oral ,2918
Lotrisone topical ,2922
Lotronex oral ,2923
lovastatin oral ,2925
Lovaza oral ,2926
Lovenox subcutaneous ,2927
Low-Ogestrel (28) oral ,2930
loxapine oral ,2932
Lucentis intravitreal ,2936
Ludiomil oral ,2937
Lumigan ophthalmic ,2941
Lunesta oral ,2944
Lupron Depot (3 Month) intramuscular ,2945
Lupron Depot (4 Month) intramuscular ,2946
Lupron Depot intramuscular ,2948
Lupron subcutaneous ,2951
lurasidone oral ,2952
Lustra topical ,2954
Lustra-Ultra topical ,2956
Lutera (28) oral ,2957
Luvox CR oral ,2958
Luvox oral ,2959
Luxiq topical ,2960
Lybrel oral ,2962
lysine oral ,2966
Lysodren oral ,2967
Maxifed CD oral ,2978
Maxifed oral ,2982
Maxiflu DM oral ,2983
Maxiphen G oral ,2987
Maxitrol ophthalmic ,2990
Maxzide oral ,2992
Maxzide-25mg oral ,2993
M-End DMX oral ,2973
methylphenidate oral ,3003
Methylpred oral ,3005
Methylpred-40 injection ,3006
methylprednisolone acetate injection ,3007
methylprednisolone oral ,3009
Methylprednisone oral ,3013
metoclopramide injection ,3016
metolazone oral ,3018
metoprolol succinate oral ,3020
metoprolol succinate-hydrochlorothiazide oral ,3021
metoprolol tartrate intravenous ,3022
metoprolol tartrate oral ,3023
metoprolol tartrate-hydrochlorothiazide oral ,3024
MetroCream topical ,3027
Metrogel topical ,3028
Metrogel Vaginal vaginal ,3029
metronidazole topical ,3033
metronidazole vaginal ,3034
Mevacor oral ,3038
mexiletine oral ,3041
Mexitil oral ,3042
MG217 Medicated Tar topical ,3043
minocycline oral ,3046
minoxidil oral ,3047
minoxidil topical ,3048
Miralax oral ,3051
Mirapex ER oral ,3053
Mirapex oral ,3054
Mircette (28) oral ,3056
Mirvaso topical ,3059
misoprostol oral ,3060
Mitrolan oral ,3065
morphine (PF) intravenous ,3070
morphine concentrate oral ,3071
morphine intramuscular ,3075
morphine intravenous ,3076
morphine rectal ,3079
morphine-naltrexone oral ,3080
Motofen oral ,3083
Motrin IB oral ,3084
Motrin oral ,3085
Moxatag oral ,3088
Moxeza ophthalmic ,3089
moxifloxacin oral ,3091
MS Contin oral ,3092
MSir oral ,3094
Mydriacyl ophthalmic ,3096
Myferon 150 oral ,3097
Myfortic oral ,3098
Mylanta Double-Strength oral ,3100
Mylicon oral ,3103
Myoflex topical ,3107
Myrbetriq oral ,3111
Mysoline oral ,3112
Myzilra oral ,3118
Nature Thyroid oral ,3126
Nature-Throid oral ,3127
Navane oral ,3129
Navelbine intravenous ,3130
Neutrogena T/Sal topical ,3142
Neutrogena T-Gel Conditioner topical ,3140
Nevanac ophthalmic ,3143
Nexa Plus oral ,3144
Nexa Select oral ,3145
Nexavar oral ,3147
nitrofurantoin macrocrystal oral ,3164
nitrofurantoin monohydrate/macrocrystals oral ,3165
nitrofurantoin oral ,3166
nitroglycerin intravenous ,3168
nitroglycerin oral ,3169
nitroglycerin transdermal ,3171
NitroQuick sublingual ,3175
Nitrostat SR oral ,3176
Nix topical ,3180
Nizoral A-D topical ,3181
Nizoral oral ,3182
Nizoral topical ,3183
Nortrel 7/7/7 (28) oral ,3185
Nostrilla 12 Hour Nasl ,3189
NovaFerrum oral ,3194
Novolin 70/30 subcutaneous ,3201
Novolin N subcutaneous ,3204
Novolin R injection ,3205
Novolog Flexpen subcutaneous ,3206
Novolog Mix 70-30 FlexPen subcutaneous ,3207
Novolog subcutaneous ,3209
Noxafil oral ,3211
NP Thyroid oral ,3212
NP-27 topical ,3213
NPH insulin human recomb subcutaneous ,3214
Nplate subcutaneous ,3215
Nuvigil oral ,3221
Nuzon topical ,3222
nystatin oral ,3228
nystatin topical ,3229
Ocella oral ,3237
Octagam intravenous ,3238
OctreoScan intravenous ,3239
octreotide acetate injection ,3240
Ocuvite oral ,3244
ofatumumab intravenous ,3245
ofloxacin ophthalmic ,3248
Ogen 0.625 oral ,3252
ondansetron oral ,3257
One-A-Day VitaCraves oral ,3269
One-A-Day Womens Formula oral ,3270
Onfi oral ,3272
Onglyza oral ,3273
Ortho-Novum 7/7/7 (28) oral ,3278
ORTHOVISC intra-articular ,3280
Orudis oral ,3282
Os-Cal 500 + D3 oral ,3284
oseltamivir oral ,3287
Oseni oral ,3288
Osphena oral ,3291
Otezla oral ,3292
Otezla Starter oral ,3293
Otic Edge otic ,3294
Otrexup (PF) subcutaneous ,3299
Otrivin nasal ,3300
Otrivin Pediatric Nasal Drops nasal ,3301
Oxtellar XR oral ,3304
oxybutynin chloride oral ,3309
oxybutynin transdermal ,3311
oxycodone HCl-oxycodone ter-aspirin oral ,3312
oxycodone oral ,3313
oxycodone-acetaminophen oral ,3314
OxyContin oral ,3316
OxyIR oral ,3318
oxymetazoline nasal ,3319
oxymetazoline-menthol nasal ,3320
oxymorphone oral ,3323
Oxytrol For Women transdermal ,3329
Oxytrol transdermal ,3330
Pataday ophthalmic ,3334
Patanase nasal ,3335
Patanol ophthalmic ,3336
Paxil CR oral ,3337
PCM Allergy oral ,3345
perindopril erbumine oral ,3348
Perio Med dental ,3349
Periogard mucous membrane ,3350
Periostat oral ,3351
permethrin topical ,3354
Pernox topical ,3356
perphenazine oral ,3357
perphenazine-amitriptyline oral ,3358
Persantine intravenous ,3360
Pexeva oral ,3362
pneumococcal 23-valps vaccine injection ,3369
pneumococcal 7-val conj vacc intramuscular ,3370
Pneumovax 23 injection ,3371
Pseudo-Chlor oral ,3385
pseudoephedrine oral ,3390
Pseudovent 400 oral ,3395
Pseudovent oral ,3397
Psoriasin topical ,3400
Psyldex oral ,3402
Purinethol oral ,3407
Pylera oral ,3408
pyrantel pamoate oral ,3409
Pyridium oral ,3416
Pyridium Plus oral ,3417
pyridostigmine bromide oral ,3419
Pyril-Chlor-Phen oral ,3421
Pyrlex oral ,3423
Pyrlex PD oral ,3424
QDALL oral ,3435
Q-Tussin DM oral ,3432
Qsymia oral ,3436
Quartette oral ,3438
Questran Light oral ,3442
Questran oral ,3443
quetiapine oral ,3444
Quillivant XR oral ,3446
quinapril oral ,3447
Quixin ophthalmic ,3456
Qvar inhalation ,3458
RabAvert (PF) intramuscular ,3463
rabeprazole oral ,3464
racepinephrine inhalation ,3467
Radtue oral ,3468
ramipril oral ,3473
Ranexa oral ,3474
ranibizumab intravitreal ,3475
Rapaflo oral ,3480
Rapamune oral ,3481
Rapiflux oral ,3482
RAPTIVA subcutaneous ,3483
rasagiline oral ,3484
Razadyne ER oral ,3488
Razadyne oral ,3489
R-Tanna oral ,3460
Restasis ophthalmic ,3499
Restoril oral ,3500
Retin-A Micro Pump topical ,3503
Retin-A Micro topical ,3504
Retin-A topical ,3505
Revatio oral ,3508
Revia oral ,3509
Revlimid oral ,3511
Reyataz oral ,3512
Rezira oral ,3513
Ridaura oral ,3518
rifampin oral ,3522
Rilutek oral ,3526
riluzole oral ,3527
rimabotulinumtoxinB intramuscular ,3528
rimantadine oral ,3530
Risperdal Consta intramuscular ,3537
Risperdal M-TAB oral ,3538
Risperidone M-Tab Oral ,3540
risperidone oral ,3542
Ritalin LA oral ,3543
Ritalin SR oral ,3545
Rituxan intravenous ,3546
rituximab intravenous ,3547
rizatriptan oral ,3550
Romycin ophthalmic ,3553
Rondec DM oral ,3554
ropinirole oral ,3561
Rosaderm topical ,3568
Rosula topical ,3573
rosuvastatin oral ,3574
RotaTeq Vaccine oral ,3575
"rotavirus vaccine live- pentavalent oral" ,3576
Rowasa rectal ,3580
Roxanol Concentrate oral ,3581
Roxanol oral ,3582
Roxicet oral ,3585
Roxicodone Intensol oral ,3586
Rozerem oral ,3588
Ru-Tuss DM oral ,3591
Rybix ODT oral ,3594
Rynatan Pediatric oral ,3597
Ryneze oral ,3600
Rythmol oral ,3601
Rythmol SR oral ,3602
saw palmetto oral ,3605
Sayman Salve topical ,3608
Scopace oral ,3610
scopolamine transdermal ,3613
Scytera topical ,3614
Septra DS oral ,3620
Septra oral ,3621
Serax oral ,3624
Seroquel XR oral ,3631
Serzone oral ,3635
Se-Vate 21-7 oral ,3616
Sklice topical ,3643
Sleep Aid (diphenhydramine) oral ,3645
Slo-Niacin oral ,3653
SMZ-TMP DS oral ,3659
Stress Tablet W/Zinc oral ,3663
Stromectol oral ,3666
Strovite Plus oral ,3671
Syeda oral ,3674
Symax Duotab oral ,3678
Symax-SR oral ,3681
Symbicort inhalation ,3682
Tandem DHA oral ,3689
Tandem F oral ,3691
Tandem Plus oral ,3693
Tannate DMP-DEX oral ,3695
Tanzeum subcutaneous ,3697
Tapazole oral ,3698
tapentadol oral ,3699
Tarceva oral ,3700
Targretin topical ,3702
Tarka oral ,3703
Taron Forte oral ,3704
Taron-C DHA oral ,3705
Tasigna oral ,3706
Taxol intravenous ,3709
Taxotere intravenous ,3710
tazarotene topical ,3711
Tazorac topical ,3712
Taztia XT oral ,3713
Testim transdermal ,3715
Testopel implant ,3716
testosterone cypionate intramuscular ,3717
testosterone enanthate intramuscular ,3718
testosterone intramuscular ,3719
testosterone propionate intramuscular ,3720
testosterone transdermal ,3721
Tetanus Toxoid injection ,3724
tetracycline oral ,3729
Teveten oral ,3733
Tilia Fe oral ,3735
timolol ophthalmic ,3740
Timoptic ophthalmic ,3741
Tinactin topical ,3743
Tindamax oral ,3745
Tineacide topical ,3746
tioconazole vaginal ,3749
Tioconazole-1 vaginal ,3750
tiotropium bromide inhalation ,3751
Tirosint oral ,3752
Titralac oral ,3753
Trivora (28) oral ,3765
Trixaicin HP topical ,3766
Trokendi XR oral ,3770
trolamine salicylate topical ,3771
trospium oral ,3775
Trusopt ophthalmic ,3778
Truvada oral ,3779
Tylenol oral ,3797
Tylenol PM Extra Strength oral ,3798
Tylenol PM oral ,3799
Tylenol-Codeine #3 oral ,3806
Tylenol-Codeine Elixir oral ,3808
Tylox oral ,3810
Tysabri intravenous ,3812
Uniphyl oral ,3820
Unisom (doxylamine) oral ,3822
Unisom SleepMelts oral ,3825
Unithroid oral ,3826
Urecholine oral ,3828
Urelle oral ,3829
Urex (methenamine) oral ,3831
Urispas oral ,3836
Uristat oral ,3838
Urocit-K 10 oral ,3841
Urocit-K 15 oral ,3842
Urogesic oral ,3843
Urogesic-Blue oral ,3844
Uroxatral oral ,3846
URSO 250 oral ,3847
URSO Forte oral ,3848
ursodiol oral ,3849
UTA (with phenyl salicylate) oral ,3852
Utira-C oral ,3855
Vascepa oral ,3865
Vasocon-A ophthalmic ,3867
Vasotec oral ,3872
Vazotab (tannate) oral ,3875
VAZOTan (tannate) oral ,3876
Vazotuss HC oral ,3877
Veltin topical ,3879
Venofer intravenous ,3883
Ventolin HFA inhalation ,3885
Ventolin inhalation ,3886
Veramyst nasal ,3889
verapamil oral ,3891
Verdeso topical ,3892
Veregen topical ,3893
Vermox oral ,3897
Versed injection ,3898
Versed oral ,3899
Vesicare oral ,3902
Vestura (28) oral ,3903
Vfend oral ,3904
Vitron-C-Plus oral ,3912
Vivactil oral ,3914
Viva-Drops (PF) ophthalmic ,3913
Vivaglobin subcutaneous ,3915
Vivarin oral ,3916
Vivelle transdermal ,3917
Vivelle-Dot transdermal ,3918
Vivitrol intramuscular ,3919
Voltaren topical ,3926
Voltaren-XR oral ,3927
voriconazole oral ,3930
Vospire ER oral ,3933
Votrient oral ,3934
Vusion topical ,3937
Vytorin 10-10 oral ,3939
Vytorin 10-20 oral ,3940
Vytorin 10-40 oral ,3941
Vytorin 10-80 oral ,3942
Wal-Act D Cold & Allergy oral ,3944
Wal-Finate-D oral ,3952
Wal-Flu Night Severe Cold oral ,3953
Wal-itin D oral ,3955
Wal-Som oral ,3961
Wal-Tussin CF oral ,3962
Wal-Zyr (cetirizine) oral ,3966
Wal-Zyr D oral ,3967
warfarin intravenous ,3968
Wart Remover topical ,3971
WelChol oral ,3972
Wellbid-D oral ,3974
Wellbutrin oral ,3975
Wellbutrin SR oral ,3976
Westcort topical ,3978
Westhroid oral ,3979
Women's Laxative (bisacodyl) oral ,3989
WP Thyroid oral ,3990
Xalatan ophthalmic ,3994
Xalkori oral ,3995
Xanax XR oral ,3997
Xarelto oral ,3998
X-VIATE topical ,3993
Xeljanz oral ,4000
Xeloda oral ,4001
Xenazine oral ,4003
Xenical oral ,4004
Xerac AC topical ,4005
Xgeva subcutaneous ,4007
Xiaflex injection ,4008
XIBROM ophthalmic ,4009
Xifaxan oral ,4010
Xigris intravenous ,4012
Xodol 10/300 oral ,4014
Xolair subcutaneous ,4017
Xolox oral ,4019
Xopenex HFA inhalation ,4020
Xopenex inhalation ,4021
Xylocaine Viscous mucous membrane ,4029
Xyrem oral ,4034
Xyzal oral ,4035
Yasmin (28) oral ,4036
YAZ (28) oral ,4037
Yervoy intravenous ,4041
Yodoxin oral ,4044
Zaditor ophthalmic ,4050
zafirlukast oral ,4051
zaleplon oral ,4052
Zamicet oral ,4054
Zantac 150 EFFERdose oral ,4057
Zantac 75 oral ,4058
Zantac Maximum Strength oral ,4060
Zantac oral ,4061
Zarah oral ,4062
Zarontin oral ,4063
Zebeta oral ,4071
Zebutal oral ,4072
Zegerid oral ,4074
Zegerid OTC oral ,4075
Zelapar oral ,4076
Zelboraf oral ,4077
Zelnorm oral ,4078
Zemaira intravenous ,4080
Zema-Pak oral ,4079
Zemplar oral ,4082
Zenatane oral ,4083
ZenChent (28) oral ,4084
Zenchent Fe oral ,4085
Zenpep oral ,4086
Zenzedi oral ,4087
Zeosa oral ,4088
Zestoretic oral ,4093
Zestril oral ,4094
Zetia oral ,4095
Zetonna nasal ,4096
Zgesic oral ,4099
Zioptan (PF) ophthalmic ,4106
ziprasidone oral ,4111
Zipsor oral ,4112
Zirgan ophthalmic ,4113
Zithranol-RR topical ,4114
Zithromax oral ,4116
Zithromax Z-Pak oral ,4118
Zmax oral ,4120
Zofran (PF) injection ,4126
Zofran intravenous ,4127
Zofran ODT oral ,4128
Zohydro ER oral ,4130
Zoladex subcutaneous ,4131
zolmitriptan oral ,4135
zolpidem sublingual ,4138
Zolpimist oral ,4139
Zometa intravenous ,4140
Zomig nasal ,4141
Zomig oral ,4142
Zomig ZMT oral ,4143
Zonalon topical ,4144
Zonatuss oral ,4145
Zonegran oral ,4146
zonisamide oral ,4147
Zortress oral ,4148
Zorvolex oral ,4149
ZOSTAVAX (PF) subcutaneous ,4150
zoster vaccine live (PF) subcutaneous ,4151
Zostrix topical ,4153
Zostrix-HP topical ,4154
Zosyn intravenous ,4156
Zotex-PE oral ,4161
Zovia 1/35E (28) oral ,4163
Zovirax oral ,4166
Zovirax topical ,4167
Zubsolv sublingual ,4168
Zutripro oral ,4169
Zyban oral ,4170
Zyclara topical ,4171
Zyflo CR oral ,4173
Zyflo oral ,4174
Zylet ophthalmic ,4175
Zyprexa Zydis oral ,4183
Zyrtec Itchy Eye Drops (ketotifen) ,4184
Zyrtec oral ,4185
Zyrtec-D oral ,4186
Zytiga oral ,4187
Zyvox intravenous ,4188
Zyvox oral ,4189
ZzzQuil oral ,4190
Abilify oral ,29
Actos oral ,142
acyclovir oral ,150
Adderall oral ,163
Advair Diskus inhalation ,193
allopurinol oral ,347
alprazolam oral ,362
Ambien oral ,394
amitriptyline oral ,431
amlodipine oral ,436
amoxicillin oral ,447
Aricept oral ,587
atenolol oral ,665
Ativan oral ,671
Augmentin oral ,700
Avelox oral ,722
azithromycin oral ,755
baclofen oral ,792
Benadryl oral ,856
Benicar oral ,869
benzonatate oral ,891
bupropion HCl oral ,1071
BuSpar oral ,1072
buspirone oral ,1073
Bystolic oral ,1094
carisoprodol oral ,1247
carvedilol oral ,1257
Celebrex oral ,1306
Celexa oral ,1311
cephalexin oral ,1329
Cialis oral ,1438
Cipro oral ,1458
ciprofloxacin oral ,1465
clindamycin HCl oral ,1522
clonazepam oral ,1550
clonidine HCl oral ,1553
Concerta oral ,1646
Coreg oral ,1669
Coumadin oral ,1718
Cozaar oral ,1722
Crestor oral ,1739
cyclobenzaprine oral ,1762
Cymbalta oral ,1775
Depakote oral ,1908
Dexilant oral ,1989
diazepam oral ,2022
diclofenac oral ,2034
dicyclomine oral ,2041
digoxin oral ,2061
Dilaudid oral ,2081
Diovan oral ,2106
doxycycline oral ,2198
Effexor XR oral ,2318
Elavil oral ,2324
enalapril maleate oral ,2325
fenofibrate oral ,2398
Fioricet oral ,2422
Flagyl oral ,2423
Flector transdermal ,2424
Flexeril oral ,2425
Flomax oral ,2426
fluoxetine oral ,2427
furosemide oral ,2480
gabapentin oral ,2484
Geodon oral ,2504
glipizide oral ,2510
hydrochlorothiazide oral ,2599
hydrocodone-acetaminophen oral ,2601
Hydrocodone HD oral ,2600
hydroxyzine HCl oral ,2602
ibuprofen oral ,2629
indomethacin oral ,2642
Keflex oral ,2740
Keppra oral ,2742
Klonopin oral ,2767
Lamictal oral ,2804
Lasix oral ,2805
Levaquin oral ,2823
levothyroxine oral ,2854
Lexapro oral ,2861
Lipitor oral ,2864
Lopressor oral ,2884
loratadine oral ,2889
lorazepam oral ,2895
Lortab oral ,2908
losartan-hydrochlorothiazide oral ,2912
losartan oral ,2911
Lyrica oral ,2965
Macrobid oral ,2977
meclizine oral ,2997
meloxicam oral ,2998
metformin oral ,2999
methadone oral ,3000
methocarbamol oral ,3001
Methotrexate (Anti-Rheumatic) oral ,3002
metoclopramide oral ,3017
metronidazole oral ,3032
mirtazapine oral ,3058
Mobic oral ,3068
morphine oral ,3078
nabumetone oral ,3119
Namenda oral ,3120
naproxen oral ,3121
Neurontin oral ,3131
Nexium oral ,3151
Norco oral ,3184
nortriptyline oral ,3186
Norvasc oral ,3187
Nucynta oral ,3217
omeprazole oral ,3256
Opana oral ,3276
pantoprazole oral ,3333
Paxil oral ,3338
Percocet oral ,3347
Phenergan oral ,3364
phentermine oral ,3365
Plaquenil oral ,3366
Plavix oral ,3367
Pradaxa oral ,3376
pravastatin oral ,3377
prednisone oral ,3378
Prilosec OTC oral ,3379
Pristiq oral ,3380
promethazine oral ,3381
propranolol oral ,3382
Protonix oral ,3383
Prozac oral ,3384
ranitidine oral ,3478
Reglan oral ,3490
Remeron oral ,3491
Risperdal oral ,3539
Ritalin oral ,3544
Robaxin oral ,3551
Roxicodone oral ,3587
Savella oral ,3604
Seroquel oral ,3630
sertraline oral ,3633
simvastatin oral ,3639
Singulair oral ,3640
Skelaxin oral ,3642
Soma oral ,3660
spironolactone oral ,3661
Strattera oral ,3662
Synthroid oral ,3683
tamoxifen oral ,3686
tamsulosin oral ,3687
temazepam oral ,3714
tizanidine oral ,3754
Topamax oral ,3759
Toprol XL oral ,3760
tramadol oral ,3761
trazodone oral ,3762
triamterene-hydrochlorothiazide oral ,3763
Tricor oral ,3764
Ultram oral ,3818
Valium oral ,3862
Valtrex oral ,3863
venlafaxine oral ,3882
Vicodin ES oral ,3905
Viibryd oral ,3906
Vistaril oral ,3907
Voltaren oral ,3925
Vyvanse oral ,3943
warfarin oral ,3969
Wellbutrin XL oral ,3977
Xanax oral ,3996
Zanaflex oral ,4055
Zocor oral ,4122
Zofran oral ,4129
Zoloft oral ,4136
zolpidem oral ,4137
Zyprexa oral ,4182
Subdue oral ,5000
Sublimaze (PF) injection ,5001
Subsys sublingual ,5002
Subutex sublingual ,5003
succinylcholine chloride injection ,5004
succinylcholine chloride intravenous ,5005
succinylcholine in 0.9% NaCl (PF) intravenous ,5006
Suclor oral ,5007
Sucraid oral ,5008
sucralfate (bulk) ,5009
sucralfate oral ,5010
sucrose ,5011
Sudafed 12 Hour oral ,5012
Sudafed 12 Hr Pressure-Pain oral ,5013
Sudafed 12 Hr Sinus-Pain oral ,5014
Sudafed 24 Hour oral ,5015
Sudafed Cold-Allergy oral ,5016
Sudafed Non-Drowsy oral ,5017
Sudafed OM nasal ,5018
Sudafed oral ,5019
Sudafed PE Cold & Cough oral ,5020
Sudafed PE Nighttime Cold oral ,5021
Sudafed PE oral ,5022
Sudafed PE Quick Dissolve oral ,5023
Sudafed PE Severe Cold oral ,5024
Sudafed PE Sinus Headache oral ,5025
Sudafed Severe Cold oral ,5026
Sudafed Sinus Extra Strength oral ,5027
Sudafed Sinus Headache oral ,5028
Sudafed Sinus Nightime oral ,5029
Sudafed Sinus oral ,5030
Sudafed Triple Action oral ,5031
SudaHist oral ,5032
Sudal 12 oral ,5033
Sudal 12 Tannate oral ,5034
Sudex DUOMATRIX oral ,5035
Sudex oral ,5036
Sudogest 12-hour oral ,5037
Sudogest oral ,5038
SudoGest Plus oral ,5039
Sudogest Sinus oral ,5040
Suero oral ,5041
Sufenta intravenous ,5042
sufentanil citrate (PF) intravenous ,5043
sufentanil citrate intravenous ,5044
Sugardyne topical ,5045
Sular oral ,5046
sulbutiamine oral ,5047
Sulfa Dyne oral ,5048
sulfacetamide ,5049
sulfacetamide sodium (acne) topical ,5050
sulfacetamide sodium ophthalmic ,5051
sulfacetamide sodium topical ,5052
sulfacetamide sodium-sulfur topical ,5053
sulfacetamide-fluorometholone ophthalmic ,5054
Sulfacet-R topical ,5055
SulfaCleanse 8-4 topical ,5056
sulfacytine oral ,5057
sulfadiazine ,5058
sulfadiazine oral ,5059
Sulfair Forte ophthalmic ,5060
sulfamethazine ,5061
Sulfamethoprim DS oral ,5062
Sulfamethoprim oral ,5063
Sulfamethoprim SS oral ,5064
sulfamethoxazole (bulk) ,5065
sulfamethoxazole oral ,5066
sulfamethoxazole-phenazopyrid oral ,5067
sulfamethoxazole-trimethoprim intravenous ,5068
sulfamethoxazole-trimethoprim oral ,5069
Sulfamide ophthalmic ,5070
sulfapyridine ,5071
sulfasalazine (bulk) ,5072
sulfasalazine oral ,5073
sulfathiazole (bulk) ,5074
sulfathiazole sodium ,5075
Sulfatol-M Tint-Free topical ,5076
Sulfatrim DS oral ,5077
Sulfatrim oral ,5078
Sulfazine EC oral ,5079
Sulfazine oral ,5080
Sulfo-Lo topical ,5081
Sulfoxaprim DS oral ,5082
Sulfur Flower Sublimed ,5083
sulfur soap topical ,5084
sulfuric acid-sulfonated phenol mucous membrane ,5085
sulindac ,5086
sulindac oral ,5087
Sultrim-DS oral ,5088
Sumadan topical ,5089
sumatriptan (bulk) ,5090
sumatriptan nasal ,5091
sumatriptan oral ,5092
sumatriptan subcutaneous ,5093
sumatriptan succinate (bulk) ,5094
sumatriptan-naproxen oral ,5095
Sumavel DosePro subcutaneous ,5096
Sumaxin topical ,5097
Sumaxin TS topical ,5098
Sumox oral ,5099
Sumycin 250 oral ,5100
sunitinib oral ,5101
Sunkist Vitamin C oral ,5102
Sunless Tanning topical ,5103
sunscreen topical ,5104
Sunvite oral ,5105
Supartz FX intra-articular ,5106
Supartz intra-articular ,5107
Super Aytinal oral ,5108
Super B Complex-B-12 oral ,5109
Super B Complex-Vitamin C oral ,5110
Super B-100 oral ,5111
Super B-Complex oral ,5112
Super Duper Diaper Doo topical ,5113
Super Probiotic oral ,5114
Super Urinozinc Prostate Formula oral ,5115
Suphedrine Cold-Allergy oral ,5116
Suphedrine PE oral ,5117
Suphedrine Sinus oral ,5118
Suphera topical ,5119
Support-500 oral ,5120
Supposibase MBK Fatty Acid ,5121
Suppository Adult rectal ,5122
Supprelin LA implant ,5123
Supprelin subcutaneous ,5124
Suprax oral ,5125
Suprenza oral ,5126
Suprep Bowel Prep Kit oral ,5127
Supress DX oral ,5128
Surbex 750 with Zinc oral ,5129
Surbex oral ,5130
Surbex-T oral ,5131
Surfadil topical ,5132
Surfaxin intratracheal ,5133
Surgicel ,5134
Surgicel Hemostat ,5135
Surgicel Nu-Knit ,5136
Surmontil oral ,5137
SUSTAIN oral ,5138
Sustiva oral ,5139
Sutent oral ,5140
suvorexant oral ,5141
Swamp Root oral ,5142
Sween Cream topical ,5143
Sween Cream W/Vitamin A & D topical ,5144